gene_symbol,ensembl_id
CADM2,ENSG00000175161
GRIN2A,ENSG00000183454
CAMK2A,ENSG00000070808
MEF2C,ENSG00000081189
APP,ENSG00000142192
GRIN2B,ENSG00000273079
SCN1A,ENSG00000144285
NRXN1,ENSG00000179915
HOMER1,ENSG00000152413
NEGR1,ENSG00000172260
SHANK3,ENSG00000251322
BDNF,ENSG00000176697
SYN1,ENSG00000008056
SLC6A4,ENSG00000108576
COMT,ENSG00000093010
TCF4,ENSG00000196628
CREB1,ENSG00000118260
FMR1,ENSG00000102081
MAPT,ENSG00000186868
FOXO3,ENSG00000118689
NLGN1,ENSG00000169760
